review_id,tone,fit,fabric,build,photo,style,price
356,neg,0,1,1,0,0,0
5546,pos,0,0,0,0,0,0
7573,mixed,0,1,0,0,0,0
16417,pos,0,0,0,0,0,0
7080,pos,0,0,0,0,0,0
762,mixed,0,1,0,0,0,0
12190,pos,0,0,0,0,0,0
2877,pos,0,0,0,0,0,0
21531,pos,0,0,0,0,0,0
20978,pos,0,0,0,0,0,0
11447,mixed,0,0,0,0,1,0
14338,pos,1,0,0,0,0,0
1449,mixed,0,0,1,0,0,0
15386,pos,0,0,0,0,0,0
1097,pos,0,0,0,0,0,0
20257,mixed,1,0,0,0,0,0
23050,mixed,0,1,0,0,0,0
21180,pos,0,0,0,0,0,0
1592,pos,0,0,0,0,0,0
21323,pos,0,0,0,0,0,0
18810,pos,1,0,0,0,0,0
12321,pos,0,0,0,0,0,0
9531,pos,1,0,0,0,0,0
13938,neg,1,1,0,1,0,0
21138,neg,0,0,0,0,1,1
10666,pos,0,0,0,0,0,0
11986,mixed,1,0,0,0,0,0
10846,pos,0,0,0,0,0,0
8411,neg,1,0,0,0,1,0
6932,pos,0,0,0,0,0,0
16840,neg,1,0,0,0,0,0
20484,pos,1,0,0,0,0,0
3984,pos,0,0,0,0,0,0
8571,pos,1,0,0,0,0,0
3868,neg,0,0,0,0,1,0
7846,neg,0,1,0,1,1,0
12758,pos,0,0,0,0,0,0
15553,pos,0,0,0,0,0,0
5711,pos,0,0,0,0,0,0
8924,neg,0,0,0,0,1,0
19167,mixed,1,1,0,0,0,1
2331,mixed,0,0,1,1,1,0
12245,pos,0,0,0,0,0,0
16153,pos,1,0,0,0,0,0
7132,pos,1,0,0,0,0,0
11726,neg,1,1,0,0,0,0
14480,mixed,0,1,0,0,0,0
20418,mixed,0,0,1,0,0,0
21142,pos,0,0,0,1,0,0
3216,pos,0,0,0,0,0,0
14316,mixed,1,0,0,0,0,0
13199,pos,0,0,0,0,0,0
4806,neg,1,0,0,1,1,0
4962,pos,0,0,0,0,0,0
9466,pos,0,0,0,0,0,0
19725,pos,1,1,0,0,0,0
21933,pos,0,0,0,0,0,0
16729,pos,1,0,0,0,0,0
22160,pos,0,0,0,0,0,0
17257,pos,0,0,0,0,0,0
5184,pos,0,0,0,0,0,0
11336,pos,1,0,0,0,0,0
18080,pos,0,0,0,0,0,0
15367,neg,1,0,0,0,1,0
12248,pos,0,0,0,0,0,0
1167,mixed,0,1,0,0,0,0
4725,pos,0,0,0,0,0,0
9338,neg,1,0,1,0,1,0
10655,pos,0,0,0,0,0,0
8548,pos,0,0,0,0,0,0
6201,pos,0,0,0,0,0,0
6467,neg,1,0,0,0,1,0
21911,mixed,0,0,0,0,1,0
14778,pos,0,0,0,0,0,0
7345,pos,0,0,0,1,0,0
21908,pos,0,0,0,0,0,0
15310,pos,0,0,0,0,0,0
22153,pos,0,0,0,0,0,0
18729,neg,1,0,0,0,1,0
4882,pos,1,0,0,0,0,0
16709,pos,0,0,0,0,0,0
897,mixed,1,0,0,0,0,0
9046,pos,0,0,0,0,0,0
7320,neg,0,0,0,0,1,0
6554,neg,1,0,0,0,1,0
14453,mixed,1,0,0,0,0,0
20708,mixed,0,0,0,0,1,0
8214,pos,0,0,0,0,0,0
2228,pos,0,0,0,0,0,0
1778,pos,0,0,0,0,0,0
9243,pos,0,0,0,0,0,0
7297,pos,0,0,0,0,0,0
8030,pos,0,0,0,0,0,0
22295,pos,1,0,0,0,0,0
1914,pos,0,0,0,0,0,0
10643,neg,0,0,1,1,0,0
16578,pos,0,0,0,0,0,0
16219,pos,0,0,0,0,0,0
10656,pos,0,0,0,0,0,0
7858,neg,1,1,0,0,0,0
