department,theme,n,rate
Bottoms,fit,240,0.3208
Bottoms,style,240,0.0792
Bottoms,fabric,240,0.05
Bottoms,price,240,0.025
Bottoms,photo,240,0.0167
Bottoms,build,240,0.0083
Dresses,fit,406,0.367
Dresses,style,406,0.1453
Dresses,photo,406,0.0714
Dresses,fabric,406,0.0591
Dresses,build,406,0.0148
Dresses,price,406,0.0049
Intimate,fit,112,0.3214
Intimate,style,112,0.1071
Intimate,fabric,112,0.0804
Intimate,photo,112,0.0268
Intimate,price,112,0.0268
Intimate,build,112,0.0179
Jackets,fit,72,0.2639
Jackets,fabric,72,0.0833
Jackets,photo,72,0.0694
Jackets,price,72,0.0556
Jackets,build,72,0.0417
Jackets,style,72,0.0417
Tops,fit,659,0.3202
Tops,style,659,0.1229
Tops,fabric,659,0.0941
Tops,photo,659,0.0577
Tops,price,659,0.0288
Tops,build,659,0.0152
