spec,theme,coef,ci_low,ci_high,p,prevalence,stars_lost_per_review
themes only,fit,-0.5524,-0.6804,-0.4245,0.0,0.3307,-0.1827
themes only,fabric,-0.8554,-1.1144,-0.5964,0.0,0.0753,-0.0644
themes only,build,-0.5376,-1.189,0.1137,0.1057,0.0153,-0.0082
themes only,photo,-0.3353,-0.5708,-0.0997,0.0053,0.0533,-0.0179
themes only,style,-1.2552,-1.4422,-1.0682,0.0,0.1173,-0.1473
themes only,price,-0.2445,-0.6048,0.1159,0.1837,0.0227,-0.0055
with department,fit,-0.5517,-0.6796,-0.4239,0.0,0.3307,-0.1824
with department,fabric,-0.8546,-1.1157,-0.5935,0.0,0.0753,-0.0644
with department,build,-0.5583,-1.2025,0.086,0.0894,0.0153,-0.0086
with department,photo,-0.325,-0.562,-0.0881,0.0072,0.0533,-0.0173
with department,style,-1.2422,-1.4306,-1.0539,0.0,0.1173,-0.1458
with department,price,-0.2652,-0.6279,0.0974,0.1517,0.0227,-0.006
